ID,SongName,Artist,Album,Genre,SongLength
574y1r7o2tRA009FW0LE7v,Speak to Me,Pink Floyd,The Dark Side of the Moon,Rock & Roll,65.314
2ctvdKmETyOzPb2GiJJT53,Breathe (In the Air),Pink Floyd,The Dark Side of the Moon,Rock & Roll,169.535
73OIUNKRi2y24Cu9cOLrzM,On the Run,Pink Floyd,The Dark Side of the Moon,Rock & Roll,225.385
3TO7bbrUKrOSPGRTB5MeCz,Time,Pink Floyd,The Dark Side of the Moon,Rock,413.947
2TjdnqlpwOjhijHCwHCP2d,The Great Gig in the Sky,Pink Floyd,The Dark Side of the Moon,Rock,283.872
0vFOzaXqZHahrZp6enQwQb,Money,Pink Floyd2,The Dark Side of the Moon,Rock,382.834
1TKTiKp3zbNgrBH2IwSwIx,Us and Them,Pink Floyd2,The Dark Side of the Moon,Rock,469.224
6FBPOJLxUZEair6x4kLDhf,Any Colour You Like,Pink Floyd2,The Dark Side of the Moon,Rock,206.429
05uGBKRCuePsf43Hfm0JwX,Brain Damage,Pink Floyd2,The Dark Side of the Moon,Rock,226.667
1tDWVeCR9oWGX8d5J9rswk,Eclipse,Pink Floyd2,The Dark Side of the Moon,Rock,130.429